pick	player	salary	team	entry_type
1	Jeremiyah Love (Ari - RB)	33	Gary's Game-Changing Team	auction
2	Bijan Robinson (Atl - RB)	64	Step-Burrrrrow	auction
3	Saquon Barkley (Phi - RB)	50	ROTY	auction
4	Ashton Jeanty (LV - RB)	39	Edward's Swag Team	auction
5	Amon-Ra St. Brown (Det - WR)	60	Gary's Game-Changing Team	auction
6	Puka Nacua (LAR - WR)	61	SMASH BROS	auction
7	Kenneth Walker III (KC - RB)	47	Հայաստանի ազգային հավաքական	auction
8	DJ Moore (Buf - WR)	29	Glendale Football Club	auction
9	De'Von Achane (Mia - RB)	49	Stay off the WEEEED	auction
10	Breece Hall (NYJ - RB)	42	Glendale Football Club	auction
11	Garrett Wilson (NYJ - WR)	37	SMASH BROS	auction
12	Jadarian Price (Sea - RB)	20	Biscuits n Gravy Pt 2	auction
13	Tetairoa McMillan (Car - WR)	38	Glendale Football Club	auction
14	Carnell Tate (Ten - WR)	24	Gary's Game-Changing Team	auction
15	Stefon Diggs (Was - WR)	11	Gary's Game-Changing Team	auction
16	Terry McLaurin (Was - WR)	28	Հայաստանի ազգային հավաքական	auction
17	Rome Odunze (Chi - WR)	25	Abella Danger	auction
18	Brian Thomas Jr. (Jax - WR)	24	Abella Danger	auction
19	Alec Pierce (Ind - WR)	15	Glendale Football Club	auction
20	Davante Adams (LAR - WR)	35	Հայաստանի ազգային հավաքական	auction
21	Jordan Mason (Min - RB)	6	ROTY	auction
22	Marvin Harrison Jr. (Ari - WR)	30	Abella Danger	auction
23	Mike Evans (SF - WR)	26	Biscuits n Gravy Pt 2	auction
24	Matthew Golden (GB - WR)	21	Glendale Football Club	auction
25	Travis Kelce (KC - TE)	10	Step-Burrrrrow	auction
26	Courtland Sutton (Den - WR)	16	Հայաստանի ազգային հավաքական	auction
27	Josh Jacobs (GB - RB)	22	ROTY	auction
28	Patrick Mahomes (KC - QB)	11	It's Always Sunny in Philly	auction
29	MarShawn Lloyd (GB - RB)	11	Step-Burrrrrow	auction
30	Dak Prescott (Dal - QB)	9	ROTY	auction
31	Jaylen Warren (Pit - RB)	26	Հայաստանի ազգային հավաքական	auction
32	Tony Pollard (Ten - RB)	9	Step-Burrrrrow	auction
33	Xavier Worthy (KC - WR)	13	Flock Nation!!	auction
34	Makai Lemon (Phi - WR)	15	Abella Danger	auction
35	RJ Harvey (Den - RB)	13	Հայաստանի ազգային հավաքական	auction
36	Josh Downs (Ind - WR)	13	Step-Burrrrrow	auction
37	Jordan Addison (Min - WR)	10	SMASH BROS	auction
38	Jordyn Tyson (NO - WR)	23	Edward's Swag Team	auction
39	De'Zhaun Stribling (SF - WR)	13	It's Always Sunny in Philly	auction
40	Jerry Jeudy (Cle - WR)	5	Biscuits n Gravy Pt 2	auction
41	KC Concepcion Jr. (Cle - WR)	17	Stay off the WEEEED	auction
42	Jared Goff (Det - QB)	6	Glendale Football Club	auction
43	Juwan Johnson (NO - TE)	4	Stay off the WEEEED	auction
44	Kyle Monangai (Chi - RB)	9	Hock Tua	auction
45	Chris Rodriguez Jr. (Jax - RB)	8	Gary's Game-Changing Team	auction
46	Aaron Jones Sr. (Min - RB)	7	It's Always Sunny in Philly	auction
47	Rashid Shaheed (Sea - WR)	8	Step-Burrrrrow	auction
48	Hunter Henry (NE - TE)	5	eagles's Champion Team	auction
49	Zach Charbonnet (Sea - RB)	8	SMASH BROS	auction
50	Kyler Murray (Min - QB)	4	SMASH BROS	auction
51	Tyjae Spears (Ten - RB)	4	eagles's Champion Team	auction
52	Mike Washington Jr. (LV - RB)	8	Edward's Swag Team	auction
53	Kenyon Sadiq (NYJ - TE)	2	Edward's Swag Team	auction
54	Dalton Schultz (Hou - TE)	2	Հայաստանի ազգային հավաքական	auction
55	Tyler Allgeier (Ari - RB)	7	Flock Nation!!	auction
56	Brenton Strange (Jax - TE)	3	Gary's Game-Changing Team	auction
57	Emmett Johnson (KC - RB)	2	SMASH BROS	auction
58	Romeo Doubs (NE - WR)	5	Stay off the WEEEED	auction
59	Ja'Kobi Lane (Bal - WR)	4	Stay off the WEEEED	auction
60	Chig Okonkwo (Was - TE)	5	Flock Nation!!	auction
61	Keaton Mitchell (LAC - RB)	5	Flock Nation!!	auction
62	Jordan Love (GB - QB)	5	Gary's Game-Changing Team	auction
63	Kayshon Boutte (Hou - WR)	6	Flock Nation!!	auction
64	Tank Bigsby (Phi - RB)	2	It's Always Sunny in Philly	auction
65	Alvin Kamara (NO - RB)	3	eagles's Champion Team	auction
66	Jalen Nailor (LV - WR)	6	Gary's Game-Changing Team	auction
67	Fernando Mendoza (LV - QB)	6	Gary's Game-Changing Team	auction
68	T.J. Hockenson (Min - TE)	1	Biscuits n Gravy Pt 2	auction
69	Najee Harris (NYG - RB)	3	Glendale Football Club	auction
70	Sam Darnold (Sea - QB)	2	Abella Danger	auction
71	Steelers (Pit - DEF)	1	Abella Danger	auction
72	Malik Willis (Mia - QB)	2	Stay off the WEEEED	auction
73	Daniel Jones (Ind - QB)	1	Հայաստանի ազգային հավաքական	auction
74	Tyler Shough (NO - QB)	2	Edward's Swag Team	auction
75	Patriots (NE - DEF)	3	eagles's Champion Team	auction
76	Malik Washington (Mia - WR)	2	eagles's Champion Team	auction
77	Ravens (Bal - DEF)	3	Stay off the WEEEED	auction
78	Jaguars (Jax - DEF)	3	Step-Burrrrrow	auction
79	Denzel Boston (Cle - WR)	5	Edward's Swag Team	auction
80	Devin Singletary (NYG - RB)	1	Biscuits n Gravy Pt 2	auction
81	Lions (Det - DEF)	1	SMASH BROS	auction
82	Jonah Coleman (Den - RB)	1	Edward's Swag Team	auction
83	Greg Dulcich (Mia - TE)	1	Abella Danger	auction
84	Adonai Mitchell (NYJ - WR)	2	ROTY	auction
85	Braelon Allen (NYJ - RB)	2	Stay off the WEEEED	auction
86	C.J. Stroud (Hou - QB)	2	eagles's Champion Team	auction
87	Ray Davis (Buf - RB)	1	eagles's Champion Team	auction
88	Ollie Gordon II (Mia - RB)	1	ROTY	auction
89	Cowboys (Dal - DEF)	1	Gary's Game-Changing Team	auction
90	Chris Bell (Mia - WR)	1	Step-Burrrrrow	auction
91	Bryce Young (Car - QB)	1	Biscuits n Gravy Pt 2	auction
92	Kaelon Black (SF - RB)	1	SMASH BROS	auction
93	Brian Robinson (Atl - RB)	2	Step-Burrrrrow	auction
94	Cooper Kupp (Sea - WR)	1	Abella Danger	auction
95	Pat Bryant (Den - WR)	1	Hock Tua	auction
96	Jaylin Noel (Hou - WR)	1	Հայաստանի ազգային հավաքական	auction
97	Cam Ward (Ten - QB)	1	Flock Nation!!	auction
98	Isaiah Davis (NYJ - RB)	1	ROTY	auction
99	Tank Dell (Hou - WR)	1	Step-Burrrrrow	auction
100	Sean Tucker (TB - RB)	1	Biscuits n Gravy Pt 2	auction
101	Jayden Higgins (Hou - WR)	1	Edward's Swag Team	auction
102	Jacoby Brissett (Ari - QB)	1	Hock Tua	auction
103	Pat Freiermuth (Pit - TE)	1	Հայաստանի ազգային հավաքական	auction
104	Ryan Flournoy (Dal - WR)	1	Flock Nation!!	auction
105	Jaylen Wright (Mia - RB)	1	ROTY	auction
106	Tyreek Hill (Mia - WR)	1	Biscuits n Gravy Pt 2	auction
107	Dylan Sampson (Cle - RB)	1	Edward's Swag Team	auction
108	Malik Davis (Dal - RB)	1	Hock Tua	auction
109	Geno Smith (NYJ - QB)	1	Հայաստանի ազգային հավաքական	auction
110	Caleb Douglas (Mia - WR)	1	Flock Nation!!	auction
111	Kimani Vidal (LAC - RB)	1	ROTY	auction
112	Calvin Ridley (Ten - WR)	1	Biscuits n Gravy Pt 2	auction
113	Nicholas Singleton (Ten - RB)	1	Edward's Swag Team	auction
114	Cyrus Allen (KC - WR)	1	Hock Tua	auction
115	Tre' Harris (LAC - WR)	1	Հայաստանի ազգային հավաքական	auction
116	Oronde Gadsden (LAC - TE)	1	ROTY	auction
117	Travis Hunter (Jax - WR)	1	Հայաստանի ազգային հավաքական	auction
118	Chiefs (KC - DEF)	1	Հայաստանի ազգային հավաքական	auction
